event_id,timestamp,attack_type,Statistical_score,Statistical_prediction,ML_score,ML_prediction,Quantum-Inspired_score,Quantum-Inspired_prediction,Hybrid_score,Hybrid_prediction
8c288072,1790357130,NORMAL,0.1734421517486353,0,0.9352978028560363,0,0.8397779617409655,0,0.6447683646896782,0
370691d3,1790357135,NORMAL,0.23380981902805986,0,0.9576021119385774,1,0.8500089039111884,0,0.6773765074130491,1
62b19700,1790357230,NORMAL,0.17163130289220752,0,0.9372116362029078,0,0.8456803431500278,0,0.6463756962809427,0
b1012b43,1790357265,NORMAL,0.13552939306510148,0,0.914294229067001,0,0.8426345742379936,0,0.6238116227590843,0
7c9ccbcc,1790357278,NORMAL,0.11299171825529963,0,0.8959853527829166,0,0.8426311572052316,0,0.6085990318038295,0
54f83159,1790357290,NORMAL,0.0810861905520105,0,0.8762755440867589,0,0.8428622915262391,0,0.589605957209467,0
845c7d9a,1790357341,NORMAL,0.12437319032622529,0,0.9227146309978093,0,0.8460251486006582,0,0.6241227561634671,0
338fb888,1790357371,NORMAL,0.1889928610223326,0,0.9376789503470944,0,0.8392601883754993,0,0.651034128590529,0
3ac946bc,1790357404,NORMAL,0.23480136906840898,0,0.9490759397114247,0,0.853483555844165,1,0.6751817440195543,0
2f4d860f,1790357449,NORMAL,0.12699449698811016,0,0.9239949293312423,0,0.8429836996166852,0,0.6247919705825068,0
c2920c37,1790357493,NORMAL,0.15419842728042588,0,0.9311000174960126,0,0.8425151796258838,0,0.6370382514530251,0
6b8bdf12,1790357529,NORMAL,0.24446488253552523,1,0.9587228315607026,1,0.8506689311840642,0,0.6817190743077309,1
e3bee07d,1790357533,NORMAL,0.15568106163319606,0,0.9357621450617166,0,0.8457201661693514,0,0.6402232711386431,0
6dca7f64,1790357584,NORMAL,0.19411302071223102,0,0.9494877358032653,0,0.8503142359748816,0,0.6603132105643075,0
97eb319d,1790357595,NORMAL,0.13999275220754515,0,0.9187834524494636,0,0.8394977262516362,0,0.6263852758153353,0
dd76c296,1790357606,NORMAL,0.09448569693694175,0,0.8921715870341574,0,0.8429785306316018,0,0.600683261399493,0
3ec9a949,1790357617,NORMAL,0.0859095735693971,0,0.8825378066441959,0,0.8427430740130343,0,0.593769241910226,0
e9313c61,1790357639,NORMAL,0.10776051219000082,0,0.8884358472230528,0,0.8427471503201913,0,0.6037773057357693,0
40792ccd,1790357729,NORMAL,0.13638941353144685,0,0.9230527971679149,0,0.8459091239199787,0,0.628434694583167,0
8e2e4829,1790357756,NORMAL,0.1720356985946362,0,0.9242281059374668,0,0.8393818341252226,0,0.639749195414415,0
afb56eed,1790357770,NORMAL,0.1816764465107259,0,0.9473225027479464,0,0.8471692901150126,0,0.6543080799066858,0
56944b1d,1790357808,NORMAL,0.13656669703024582,0,0.9181218833044218,0,0.8426346615774103,0,0.6257057626767073,0
c5c40a33,1790357840,NORMAL,0.1668739232177331,0,0.9316096286654936,0,0.8395026543256375,0,0.6409253881738134,0
31ac1c84,1790357863,NORMAL,0.15017604324749423,0,0.9175217664543865,0,0.8394970399333168,0,0.6294445817017069,0
c3a2d13c,1790357886,NORMAL,0.10037505958209891,0,0.8850561015292426,0,0.8428656354331199,0,0.5998701203237117,0
3c26e7d6,1790357893,NORMAL,0.1135164029199277,0,0.9111086261545962,0,0.8424674837622016,0,0.6147910624243637,0
167f7214,1790357908,NORMAL,0.1913001953520821,0,0.9452062200044685,0,0.8470468899347288,0,0.6567992788586984,0
c3285f70,1790357913,NORMAL,0.20196835683503545,0,0.9561619037064879,1,0.8500117825134078,0,0.6656566320032096,0
a30d71ee,1790357934,NORMAL,0.18097886834839794,0,0.9335601173622146,0,0.8396656663982625,0,0.6466830674663907,0
065cbc15,1790357976,NORMAL,0.14430593993921137,0,0.9311482844561851,0,0.8428598945457951,0,0.6336813663976468,0
aada287d,1790357984,TAMPERING,0.32055033071762107,1,0.9475000873707659,0,0.8352476845345844,0,0.7000045718331198,1
149773bb,1790357987,TAMPERING,0.3280105991471385,1,0.9596235354913533,1,0.8393871097644588,0,0.7084999013391545,1
518207f1,1790357988,TAMPERING,0.5621645343061359,1,0.9680924407797379,1,0.8310760931624182,0,0.7917635866096473,1
e4f33916,1790357990,TAMPERING,0.46112888387176065,1,0.9673838008527377,1,0.8312566763525302,0,0.7561627987843439,1
58c378a2,1790357991,TAMPERING,0.558971953023985,1,0.9645261360802059,1,0.8341122520875218,0,0.7899787010123576,1
219ce94a,1790357994,TAMPERING,0.35842413415342345,1,0.9601669168465944,1,0.834576007718083,0,0.7181592156218568,1
ef227f6a,1790357999,TAMPERING,0.3367578921639899,1,0.9515677464326432,0,0.8313717320967121,0,0.7063352938546318,1
72ecaeca,1790358000,TAMPERING,0.5560783454458704,1,0.9626628825027624,1,0.8376153951621018,0,0.7890964226976851,1
43a47027,1790358005,TAMPERING,0.30480351082949997,1,0.9454067015951577,0,0.8347331522446918,0,0.693527197489561,1
0c67ca58,1790358007,TAMPERING,0.41344065627292403,1,0.965902497184713,1,0.8381887997107276,0,0.7406124284970905,1
c0cda977,1790358012,TAMPERING,0.219140870828602,0,0.932047071312411,0,0.8390364908914679,0,0.6592772560378422,0
8641e5ec,1790358014,TAMPERING,0.45026488327035585,1,0.9704619693278952,1,0.8310135615800909,0,0.7535308872708054,1
de179380,1790358019,TAMPERING,0.30757464418920966,1,0.9451082733981464,0,0.8380045186120467,0,0.6951955644784936,1
106f05bb,1790358022,TAMPERING,0.3821978094619257,1,0.9638131769479678,1,0.8313297818512635,0,0.727126949553677,1
dfe10452,1790358023,TAMPERING,0.5768736212919116,1,0.9643012734575472,1,0.8376195766031123,0,0.7970311709859661,1
403b78c8,1790358028,TAMPERING,0.32484717193002866,1,0.9454067015951577,0,0.834623907239054,0,0.7005151676233367,1
f6ebd8fa,1790358032,TAMPERING,0.2385870640522031,0,0.9383157831151939,0,0.8452254586747757,0,0.6701381503330426,0
edf3bf42,1790358035,TAMPERING,0.4220603851577819,1,0.9654520705015961,1,0.8314509633177423,0,0.7417647038352977,1
cf32c09b,1790358037,TAMPERING,0.4237791620753397,1,0.9677141774808669,1,0.8343816129251103,0,0.7440037809499932,1
0343b26e,1790358041,TAMPERING,0.25666281525069845,1,0.9389540866033764,0,0.8389073087677774,0,0.6751404471710394,0
4f1ab5fe,1790358045,TAMPERING,0.32250213842048525,1,0.9534528983206672,1,0.8349826573733242,0,0.7030025721187678,1
5b543070,1790358046,TAMPERING,0.5607299416683192,1,0.9632341957406162,1,0.837395549094506,0,0.7908980451537848,1
09d18b32,1790358050,TAMPERING,0.25432244720969854,1,0.9355036645474719,0,0.8424453273123335,0,0.6738256541704666,0
8c86affe,1790358052,TAMPERING,0.4351665800139942,1,0.9641926408781891,1,0.8346204079584871,0,0.7466404613457954,1
74f5b07e,1790358057,TAMPERING,0.34289437271861367,1,0.9507301705825235,0,0.8312535838684051,0,0.7081184946516255,1
a99b5098,1790358059,TAMPERING,0.407406867155782,1,0.9645261360802059,1,0.8346148870126141,0,0.7370565796897596,1
b4d15151,1790358063,TAMPERING,0.34793997401086285,1,0.9556820307739864,1,0.8349482693987867,0,0.7127888705630933,1
af714917,1790358065,TAMPERING,0.33345758942219317,1,0.9549365097388968,1,0.8451208975176494,0,0.7099649845727387,1
d9027569,1790358068,TAMPERING,0.38780092049800696,1,0.9624747631978293,1,0.8350326408294746,0,0.7294783876608029,1
789f3bb4,1790358069,REPLAY,0.4534208229263943,1,0.9479115502905839,0,0.8414501031116738,0,0.7482244339183901,1
b6542964,1790358069,TAMPERING,1.0,1,0.9661832974820851,1,0.49622325823634006,0,0.8605291335519191,1
5d1a7189,1790358069,REPLAY,1.0,1,0.9479115502905839,0,0.49730877705673865,0,0.8534918143804183,1
4213c9b9,1790358069,REPLAY,1.0,1,0.9479115502905839,0,0.497244169175065,0,0.8534756624099998,1
8624f21b,1790358070,REPLAY,0.46002833683991196,1,0.9479115502905839,0,0.8411022634012755,0,0.7504501038605216,1
cf511678,1790358070,REPLAY,1.0,1,0.9479115502905839,0,0.49716559399204174,0,0.853456018614244,1
15b6729c,1790358070,REPLAY,1.0,1,0.9479115502905839,0,0.49714352837113457,0,0.8534505022090173,1
bf1bfa24,1790358070,REPLAY,1.0,1,0.9479115502905839,0,0.4971894976620683,0,0.8534619945317508,1
1fd262f7,1790358070,REPLAY,1.0,1,0.9479115502905839,0,0.49712302958485366,0,0.8534453775124471,1
d3b03dcf,1790358071,REPLAY,0.470070558595826,1,0.9479115502905839,0,0.8403405505452796,0,0.7537744532610925,1
866c0e08,1790358071,REPLAY,1.0,1,0.9479115502905839,0,0.4971038781479478,0,0.8534405896532206,1
7c3275d8,1790358072,REPLAY,0.4711672767018492,1,0.9479115502905839,0,0.8402403030342118,0,0.7541332427204337,1
fc1363ab,1790358072,REPLAY,1.0,1,0.9479115502905839,0,0.4970376382465669,0,0.8534240296778753,1
e465fe42,1790358072,REPLAY,1.0,1,0.9479115502905839,0,0.4970528859659298,0,0.8534278416077161,1
8ec756a4,1790358073,REPLAY,0.47396948355631296,1,0.9479115502905839,0,0.8399688302984671,0,0.7550461469355599,1
2f140624,1790358073,REPLAY,1.0,1,0.9479115502905839,0,0.49700923545527464,0,0.8534169289800523,1
32a2514c,1790358073,REPLAY,1.0,1,0.9479115502905839,0,0.4969959483852311,0,0.8534136072125413,1
ab148359,1790358073,REPLAY,1.0,1,0.9479115502905839,0,0.4969831980692686,0,0.8534104196335508,1
2052db22,1790358074,REPLAY,0.47756025639021626,1,0.9479115502905839,0,0.8395886306612038,0,0.7562078675181102,1
61072154,1790358074,REPLAY,1.0,1,0.9479115502905839,0,0.4969477392628364,0,0.8534015549319427,1
cd5c96db,1790358074,REPLAY,1.0,1,0.9479115502905839,0,0.4969709388968976,0,0.853407354840458,1
a12036aa,1790358075,REPLAY,0.4798232464425163,1,0.9479115502905839,0,0.839330273270152,0,0.7569353246886523,1
96ec53a3,1790358075,REPLAY,1.0,1,0.9479115502905839,0,0.49690576245085505,0,0.8533910607289474,1
aaffc529,1790358075,REPLAY,1.0,1,0.9479115502905839,0,0.49693673269542593,0,0.8533988032900901,1
8af88dc6,1790358075,REPLAY,1.0,1,0.9479115502905839,0,0.49692608370418073,0,0.8533961410422788,1
63a939f4,1790358076,REPLAY,0.48172892809208434,1,0.9479115502905839,0,0.839101413404729,0,0.7575450982996453,1
f8a8d2f7,1790358076,REPLAY,1.0,1,0.9479115502905839,0,0.4968866068808959,0,0.8533862718364575,1
a7b07920,1790358076,REPLAY,1.0,1,0.9479115502905839,0,0.4968960481899269,0,0.8533886321637153,1
deaa02f2,1790358077,VERIFICATION_BURST,0.6522947340595007,1,0.9720639912351233,1,0.827235031811306,0,0.8239375113677011,1
fe41cdf1,1790358077,VERIFICATION_BURST,1.0,1,0.9732347244457275,1,0.826298421003601,0,0.9458684950291912,1
ca18c4e0,1790358077,REPLAY,1.0,1,0.9479115502905839,0,0.4968597646115904,0,0.8533795612691313,1
051c0f44,1790358077,VERIFICATION_BURST,1.0,1,0.9720639912351233,1,0.8885092940462764,1,0.9609529200056184,1
861f2ad1,1790358077,REPLAY,1.0,1,0.9479115502905839,0,0.49685126572231253,0,0.8533774365468118,1
0b3b111a,1790358077,REPLAY,1.0,1,0.9479115502905839,0,0.4968684792996868,0,0.8533817399411553,1
f02a7165,1790358077,VERIFICATION_BURST,1.0,1,0.9732347244457275,1,0.7032964662179134,0,0.9151180063327694,1
d4cd6627,1790358078,VERIFICATION_BURST,0.906264610011156,1,0.9720639912351233,1,0.8204999436153025,0,0.9111431959017796,1
b09257d9,1790358078,VERIFICATION_BURST,1.0,1,0.9725414502259325,1,0.9881610687026533,1,0.9860568472660363,1
18999968,1790358078,VERIFICATION_BURST,1.0,1,0.9732347244457275,1,0.9844700235061405,1,0.9854113956548262,1
bd254709,1790358078,VERIFICATION_BURST,1.0,1,0.9720639912351233,1,0.9815832553678638,1,0.9842214103360153,1
07f5806f,1790358078,VERIFICATION_BURST,1.0,1,0.9732347244457275,1,0.9240509543660207,1,0.9703066283697962,1
e7135972,1790358078,VERIFICATION_BURST,1.0,1,0.9720639912351233,1,0.9577811532882053,1,0.9782708848161007,1
482eb706,1790358078,VERIFICATION_BURST,1.0,1,0.9720639912351233,1,0.9780212665312549,1,0.983330913126863,1
f7b6e6ae,1790358078,VERIFICATION_BURST,1.0,1,0.9732347244457275,1,0.9671429384948849,1,0.9810796244020122,1
59ccf941,1790358078,VERIFICATION_BURST,1.0,1,0.9720639912351233,1,0.9896868768041318,1,0.9862473156950823,1
432f5e23,1790358078,VERIFICATION_BURST,1.0,1,0.9720639912351233,1,0.9865136762545008,1,0.9854540155576745,1
6828df6a,1790358078,VERIFICATION_BURST,1.0,1,0.9720639912351233,1,0.9733032923211746,1,0.982151419574343,1
1ac2f47e,1790358079,VERIFICATION_BURST,0.9949926593416866,1,0.9725414502259325,1,0.7863396230867314,0,0.9338489166316462,1
f02c39fb,1790358079,VERIFICATION_BURST,1.0,1,0.9720639912351233,1,0.9926826388336655,1,0.9869962562024657,1
a8d2f559,1790358079,VERIFICATION_BURST,1.0,1,0.9725414502259325,1,0.9933354991442176,1,0.9873504548764274,1
2f2da070,1790358079,VERIFICATION_BURST,1.0,1,0.9732347244457275,1,0.9909424074220989,1,0.9870294916338158,1
daf6f000,1790358079,VERIFICATION_BURST,1.0,1,0.9732347244457275,1,0.9940532484171363,1,0.9878072018825751,1
