event_id,timestamp,message,message_size,signature_size,signature_valid,verification_success,verification_failure,verification_attempts,replay_count,message_digest,attack_type
2d76687a,1790357118.7029414,Transfer request amount=304,27,72,1,1,0,1,0,71d643282b6331017dc94eda12b1dd6a19b06bec2415b15813f7f407a8535eb5,NORMAL
8c288072,1790357130.343098,Transfer request amount=2106,28,70,1,1,0,1,0,2bb9de0f28e6af5b38e0191b6f130f52f4272bd97946fafab6c9dfa08b6cfa04,NORMAL
370691d3,1790357135.2448375,Transfer request amount=939,27,71,1,1,0,1,0,fdeb81c03a48c6e59f4642f2658905e090f50ea09b8ea6c17db8b47c43e4eb74,NORMAL
9f16c969,1790357146.041931,Transfer request amount=4567,28,72,1,1,0,1,0,1ac16bc896a082ed619de2c540b5287e2d5bf4d07f7f840b499963855e4f91a6,NORMAL
ba2a8734,1790357149.1721358,Transfer request amount=3556,28,71,1,1,0,1,0,b6f023ec92a26c70d94ee82bb22468a4099233f1af779c0aa577aa0a4ff7cbe0,NORMAL
c4728506,1790357151.5853107,Transfer request amount=867,27,71,1,1,0,1,0,b71a5a14ba74ed762ef5212265c2ca3050b56830cceb1e05ee484df0e293a5e4,NORMAL
c22a010b,1790357156.4276044,Transfer request amount=4239,28,70,1,1,0,1,0,3d640bbc45cdd3400a737d85ef2fd6dd884a9f97f911a1abb4d8c50df8ee987a,NORMAL
2fda903e,1790357166.2538478,Transfer request amount=4697,28,72,1,1,0,1,0,f7785170a22972ae13a031c8550b20794dbf75cbe59b67bb52d005edfab5cf83,NORMAL
14854837,1790357170.8387372,Transfer request amount=4564,28,71,1,1,0,1,0,aa5b24a21e51db470494762719ed84a2c5b74d518bb0937f6b7e26a77f18c20e,NORMAL
8c63ce20,1790357178.292495,Transfer request amount=3779,28,71,1,1,0,1,0,944d19a7b40fb14222d236a52813a9b75d983af896cb23dbd285d8ac82adfbc5,NORMAL
0d64a17d,1790357187.9529488,Transfer request amount=153,27,72,1,1,0,1,0,c6e2f080314b7667f553b7b9ad6ddf9cbbd1d67e12b7a7cc6e5a08fec570daa0,NORMAL
6a8708b9,1790357199.8174446,Transfer request amount=1407,28,71,1,1,0,1,0,d4d55900c18a31a8914146ae6e8acbcac3d7ca1c3d3f1ad926ad82be377b2dd6,NORMAL
fc5e3ab8,1790357210.8932567,Transfer request amount=2887,28,71,1,1,0,1,0,5ed366eede2496b2bbf4dbfb8bcea4de2a72c47390e23b2894356fb2b4ca31c8,NORMAL
ca10e0ba,1790357216.505584,Transfer request amount=1863,28,72,1,1,0,1,0,8d6bae5f38297c69a678075fb794e5f2f6fd2e1bfcb34da7db5d0196277ad7b5,NORMAL
62b19700,1790357230.949354,Transfer request amount=2857,28,72,1,1,0,1,0,9afc7dec7b06845bdad657280008358fbadcb8f961481e86af55056cf47680b0,NORMAL
d86cdd9c,1790357234.2780876,Transfer request amount=3212,28,72,1,1,0,1,0,fd08acff9c653faf7e4282aa1056c4d76cfe8807e0beaa4b8b90b78cbab57bbd,NORMAL
6d73facd,1790357237.5354006,Transfer request amount=2917,28,71,1,1,0,1,0,a0b7ffc428310eac51eaca78bf3d021c9a8b25d323ff52b2f759a90437aaf975,NORMAL
5f38d9ba,1790357247.3838391,Transfer request amount=455,27,70,1,1,0,1,0,6cc426ad675504c0ef6b1d6a9436d9bc5dc520b57dae355e91efb50526f89a94,NORMAL
a68bd6f0,1790357258.8703523,Transfer request amount=4492,28,72,1,1,0,1,0,3002687003c3158527bb0f85020da61c9b709a6403b092b3ee84f91b46a45899,NORMAL
be4ff4a5,1790357262.4930923,Transfer request amount=3200,28,70,1,1,0,1,0,fe3eba5f9ed74328949fba708cc4e9c31e6b9760eb5781f91f17cb64cdc1b231,NORMAL
b1012b43,1790357265.517495,Transfer request amount=2501,28,71,1,1,0,1,0,1c53a5cc8533d517c1e2072d77d446005399603538c413e56ce468d00465ba42,NORMAL
7c9ccbcc,1790357278.2997556,Transfer request amount=3062,28,71,1,1,0,1,0,6dccd290719065d361f24fa8c6b2448ec9c8b648a51e120a70011872b054ab9b,NORMAL
978b2be0,1790357287.8053334,Transfer request amount=669,27,72,1,1,0,1,0,124448253cc97cd663d14a0a09c23e50223c0638170233753d95d80b85ddc52a,NORMAL
54f83159,1790357290.4010503,Transfer request amount=1966,28,71,1,1,0,1,0,1eac251dc1c36adcb2920ff58d22b05a4ee9a6a8fdf0942b02b9e865c378adad,NORMAL
b6e09296,1790357302.4509387,Transfer request amount=753,27,72,1,1,0,1,0,0e3a497a1b6af74a61b97ed87de6a98e23ca5a2679756e476fe0f3dec05324c6,NORMAL
e3c7283e,1790357315.570069,Transfer request amount=927,27,71,1,1,0,1,0,d6901a9a3a0a07ce8c51ed1810958b701112afdc2e67d0b5b97f6307b7f30317,NORMAL
6ff1de80,1790357322.51171,Transfer request amount=3814,28,70,1,1,0,1,0,64544088ca2b78cc120f08ec7ae9b4396da293d2c9402b4398dbcc020801e87e,NORMAL
3f02ecde,1790357332.7756076,Transfer request amount=3088,28,70,1,1,0,1,0,9d1f2bb0edc9eccd9dbc756adb031c9351e42547414881ac803f6ed150bdb6f8,NORMAL
8c74cffd,1790357336.8901107,Transfer request amount=3010,28,72,1,1,0,1,0,180b67bd0086b2379fa124fb629287acdb5ead249c47744577edfecefe171770,NORMAL
845c7d9a,1790357341.613702,Transfer request amount=2287,28,72,1,1,0,1,0,491c3bc9fb332c1f1aa5fdcca0f07220763f798b801c94173925b3dd2975cc0d,NORMAL
fafa17ab,1790357352.7373662,Transfer request amount=684,27,70,1,1,0,1,0,299deff7811dc198f7d8ffffcc1496d3a9fdc3f1646ff05e329ace25bbf498ee,NORMAL
cceeb0f6,1790357362.6560693,Transfer request amount=1501,28,71,1,1,0,1,0,b596da38750970c8bda707819dfd03b045bf2db40462d9e350fa1d26f2fc5d5e,NORMAL
338fb888,1790357371.5998876,Transfer request amount=2105,28,70,1,1,0,1,0,de4000ef0bb63d5716c802ab72eea40a383e21a5aa15b112d314550475b2b706,NORMAL
5957b4a5,1790357375.7241201,Transfer request amount=3208,28,72,1,1,0,1,0,249de6151c62d058be439d7126f6e9b7fc2d11aef988d877894d8910c8a3512a,NORMAL
fbcf0f68,1790357381.2334418,Transfer request amount=4662,28,72,1,1,0,1,0,4874fa7d60c9383cb46de4a79bff0816020c4fa29a5c9e5b71b25bc4b0665273,NORMAL
0d010c3c,1790357386.088439,Transfer request amount=2756,28,71,1,1,0,1,0,9cd3d29e7711da8ed93ea325cdc4cc4f6e65a3ce6258dfb19f14a915dc4fbdd3,NORMAL
3397e053,1790357399.0455139,Transfer request amount=558,27,72,1,1,0,1,0,353ed3bb66421aa1a6a797206e3bceae16b537f6203d5ac12a4306ad1f411bb2,NORMAL
3ac946bc,1790357404.0231388,Transfer request amount=362,27,72,1,1,0,1,0,eebf4e17960befa0dbbf26c5dbbabebd025591199358afcbf584a734a843a693,NORMAL
13e7f5eb,1790357416.4887342,Transfer request amount=3386,28,70,1,1,0,1,0,ab6ec026c462a3defbaa493a1c0bd76fb448b77603ff500d9f15e07bdd0909e4,NORMAL
c96399bf,1790357421.9693656,Transfer request amount=1828,28,70,1,1,0,1,0,905cb28cf23a3325f18cabf7c3cfbf41afe90e72ed7d497aed4bb3cb8db5d61c,NORMAL
23d34355,1790357435.840135,Transfer request amount=4746,28,70,1,1,0,1,0,2d355aeb35ecc75c88f8e74b64c59ebdbc79cf3d93dcd5685316e1735cc9971d,NORMAL
2f4d860f,1790357449.2329142,Transfer request amount=2677,28,71,1,1,0,1,0,650ffc390eb2e97abca8c1f119f3bdb0e6d6fe9109a002561691fdb70cb03936,NORMAL
2a6305e7,1790357453.9970593,Transfer request amount=4189,28,71,1,1,0,1,0,4727a3273dcb200b95696fddb40c341239e36090de8566c549a45e41030505ed,NORMAL
5360d544,1790357461.140274,Transfer request amount=3858,28,72,1,1,0,1,0,fdaa2010ddf4ffa7a2d7304cd2b7a90f88b2067548234960503a5e18f7e92b78,NORMAL
67c62d9f,1790357464.9976046,Transfer request amount=1243,28,71,1,1,0,1,0,f10827a4a339d2414a2788648fa2c50cb674bf0c5ccb6456e7bb092c7abef0c5,NORMAL
097476f6,1790357470.2037623,Transfer request amount=4698,28,71,1,1,0,1,0,5229003a3673522d331c7dcf86d6e7d03d3e34490a71d30129a70bf86a1fa4e6,NORMAL
34e11eaa,1790357479.210467,Transfer request amount=4888,28,70,1,1,0,1,0,35872f827d223aef460b5c817dc41f5323fdd329bf5d592c5257f4c89f6e4797,NORMAL
c0e27dca,1790357486.7801068,Transfer request amount=4880,28,71,1,1,0,1,0,b94ee9cae35bfe764660345682c0b6a0c1862bdea2d8e6a34a36a52cd3e9fce6,NORMAL
c2920c37,1790357493.9723134,Transfer request amount=1896,28,71,1,1,0,1,0,882aaea8d30e260f4fc4326053d13cecd9f709a26fcee1def892cc4864862475,NORMAL
57fe4c00,1790357508.9375484,Transfer request amount=1233,28,71,1,1,0,1,0,dcc6666c7b0d81ec2563216594b4a651d9e7d2746b40c58317aee9e1c04b61fd,NORMAL
61872c3b,1790357517.5613902,Transfer request amount=844,27,71,1,1,0,1,0,7d7496ab1b239f297a034644b9a2fb637b624b16ad2144c2b686c27a034ddca5,NORMAL
6b8bdf12,1790357529.3865583,Transfer request amount=998,27,71,1,1,0,1,0,123aa708b53c080cfc6e8757b574f8cc4d77c4e5e3ef99efa7e0de93daf45e34,NORMAL
e3bee07d,1790357533.3734953,Transfer request amount=1410,28,72,1,1,0,1,0,50c8a32f0e0627410d9f822375aabcdaae7a4889c4ad4cb4085ac97acb8048fa,NORMAL
4229550e,1790357545.670527,Transfer request amount=3558,28,72,1,1,0,1,0,5e0fa5095d0f4121d0cd61e629cb58b64fe8196f10ea90a6d309fe2945cc9056,NORMAL
d4d7cd8b,1790357555.4238443,Transfer request amount=3252,28,72,1,1,0,1,0,d2cfc296e0aad2020b2de8dda17375ce3fa570cb068978a79aad4ee3706e62e9,NORMAL
f29b3ef9,1790357562.384895,Transfer request amount=3934,28,71,1,1,0,1,0,711642e9a160271be3c4355d73c3089afbfa66153ca517ff27a26580181a8e05,NORMAL
e8e03a3f,1790357571.2633815,Transfer request amount=4632,28,72,1,1,0,1,0,fe50463502a58c435c7481ba4ea3dd57790e0bbbcc6ef1e45d48072517f58aad,NORMAL
6dca7f64,1790357584.4535177,Transfer request amount=194,27,71,1,1,0,1,0,3b4561c2293759aec6b1064013f920000dea206e3f13b0c463d874e0b426ad0a,NORMAL
97eb319d,1790357595.297202,Transfer request amount=1038,28,70,1,1,0,1,0,3f3b04bf5e8dec9d326bae9be5d57481ee4b4f41ad6ab2d25cfa2693853bc281,NORMAL
dd76c296,1790357606.159437,Transfer request amount=4498,28,71,1,1,0,1,0,1d20af1fe14ca9e87eb3a1846869c75db95348ab908d02665da7648bd7b9e84a,NORMAL
3ec9a949,1790357617.9208484,Transfer request amount=2886,28,71,1,1,0,1,0,22e3fa63c9af94d1142420a9d6ccb0c478ac0fa79d9011f412b25d11d0f057b6,NORMAL
6e0abe87,1790357621.3710265,Transfer request amount=3661,28,71,1,1,0,1,0,66c95b005340f2f037b53a24a563dc9c24d77c70def42df66af4d1694364b3e2,NORMAL
183bf813,1790357625.4270773,Transfer request amount=126,27,72,1,1,0,1,0,14ae97e0f661698c000952100d81f67582430a3888990ce4c4f5e928c87f5f8a,NORMAL
e9313c61,1790357639.8266842,Transfer request amount=2257,28,71,1,1,0,1,0,c7b94db709d7b345b4a4a097be76026cc43fe715f065648f45f25af7719386f8,NORMAL
c4962fc4,1790357654.4612296,Transfer request amount=1563,28,70,1,1,0,1,0,1176b8efcdf11ded3a108c0e91193e9f9773b61787e55383adffb853483e9f20,NORMAL
aaef2a7e,1790357663.0610914,Transfer request amount=971,27,70,1,1,0,1,0,962af2cce2ce8336d2a1a3eeca8a15fd66a07abab2170e6f7383256164518d43,NORMAL
a0716d76,1790357676.377833,Transfer request amount=2544,28,72,1,1,0,1,0,2864772437775bce9cacc21082b8035263ed263125cba6d3e28eb2e4f1c5cd33,NORMAL
36c8eb76,1790357689.3195343,Transfer request amount=4258,28,72,1,1,0,1,0,9ed1e7c66e5b91830c035db5240912218691bc2f7be27527d30aeabb5aff42cf,NORMAL
196065ef,1790357699.2361472,Transfer request amount=1352,28,70,1,1,0,1,0,24027c5cdff00487a31f57ad7e598d0c688d339227b3fdf61dfe7054640380bb,NORMAL
7021ec69,1790357706.0970273,Transfer request amount=1423,28,72,1,1,0,1,0,1e8b2fa314203aba6f98c47f0fb428a9026fd7475775c0e643673e2916d43347,NORMAL
98c4c1b3,1790357715.1089547,Transfer request amount=4444,28,72,1,1,0,1,0,2e51a8cbf4c7249783fff57822e08b696a9dfecad2d328897d203398f0ab0cf1,NORMAL
40792ccd,1790357729.04937,Transfer request amount=2755,28,72,1,1,0,1,0,ae7bbe0a1abec973e08f29148a9bd793364fcb0460faa687b512ed71b9e3705e,NORMAL
5311f6d9,1790357737.4012442,Transfer request amount=1016,28,71,1,1,0,1,0,63a5f3eb063f723eb62800b718992693b9b0b2cf80793064bef433fcda98864f,NORMAL
3cd6addf,1790357751.4795263,Transfer request amount=2619,28,72,1,1,0,1,0,f9f389604be0d5fccd65cfc294cc67c667cbcc5e108510210f22e63bee07d2d2,NORMAL
8e2e4829,1790357756.5924063,Transfer request amount=2073,28,70,1,1,0,1,0,88ec23d88450594f909bcf6c9dfc7b064c2581f8e7d977ede1c88f90fa4efde8,NORMAL
afb56eed,1790357770.006531,Transfer request amount=745,27,70,1,1,0,1,0,78aa9449975826f1d75103b0dbc84ae8cfb5cf9cdf835ab13612afb420b500d1,NORMAL
7112ca80,1790357773.1200259,Transfer request amount=4081,28,71,1,1,0,1,0,7fc1682deedb1776c901a190b949fa0b8526183b218cb2bd2f648bca82d9f0d1,NORMAL
78d05559,1790357785.7283282,Transfer request amount=4463,28,72,1,1,0,1,0,604b17e715cdca5a171eef86aee71dd50b2d626c95848e712b8440a8a647885b,NORMAL
1dde2547,1790357797.6841757,Transfer request amount=1151,28,71,1,1,0,1,0,8670d1793c67f39abf8441c66501c95e51dae3a5d0990e6ed0966d440a92d6c4,NORMAL
56944b1d,1790357808.2609365,Transfer request amount=4603,28,71,1,1,0,1,0,efab9fc1ed813da6ce2d3284ac387d11efdeb5d8a96b8b20c6c9a4bc2b752389,NORMAL
dc54551e,1790357812.407587,Transfer request amount=4422,28,71,1,1,0,1,0,e81fe0cbcba4093689b3741d5f27e4f217ecd7e8f146d8549d736dad7f246ed2,NORMAL
d5f594b3,1790357825.7492166,Transfer request amount=3566,28,72,1,1,0,1,0,a17dbe24c06d3d2b759051d24eb35b7d3ffd0348194c5473b301572770dc928a,NORMAL
c5c40a33,1790357840.2859344,Transfer request amount=4517,28,70,1,1,0,1,0,f2be11a14a3284f68f96b0390f04d9a04f75eb9dcba043b6e86b0cc043d6a556,NORMAL
835f405d,1790357852.104382,Transfer request amount=1747,28,72,1,1,0,1,0,2f15c50cde7fdeffda64a8fbcce3535bb42a077675dc58bf2a5d5d88ccaf80a4,NORMAL
31ac1c84,1790357863.3727186,Transfer request amount=3368,28,70,1,1,0,1,0,6226e1fe893abdbe8fb85e5f1f72ac080a70444eaba848089dc8182dfd1d8c90,NORMAL
44afb095,1790357878.3096602,Transfer request amount=3159,28,71,1,1,0,1,0,2096585b06367b833878d7fe5c09ac9fa1d815fc77b72dac60524cb770050b39,NORMAL
c3a2d13c,1790357886.0049613,Transfer request amount=4339,28,71,1,1,0,1,0,b32c5da02ac397de9d4c273bb98efb89744c0808d2e3bca2c1381f96849e94b2,NORMAL
3c26e7d6,1790357893.8742812,Transfer request amount=2130,28,71,1,1,0,1,0,5c173c6a81aa44091a06e09d76c4c1a59196ea4ebe5238ea4c74d9d2b825c1d1,NORMAL
ab55cfdc,1790357898.7953465,Transfer request amount=2869,28,70,1,1,0,1,0,68e6139c57d0e1afb80adad3adca58aebc551abfc8c0354bba7a3a5cb28de0af,NORMAL
5dc8dd19,1790357901.0687919,Transfer request amount=4637,28,69,1,1,0,1,0,3d1eac8456efc8507e7b8c5f05440fbece5062d56476afebeba0053b4f68dfc0,NORMAL
b8ca1599,1790357906.0602834,Transfer request amount=1904,28,71,1,1,0,1,0,d22f6e6c756c972a81b9f02af4ec2028f4377c573d83eaff67f41509966f5fbd,NORMAL
167f7214,1790357908.1537642,Transfer request amount=582,27,70,1,1,0,1,0,d6f8cc7b7c379bc66a970c907cd19cde1a2b1b281fd4c575896d47a50549ecad,NORMAL
c3285f70,1790357913.1300075,Transfer request amount=357,27,71,1,1,0,1,0,fbd68b7ff76f59d22c257b464f869ae4e79de813ae04a8d49768098be60ec9d6,NORMAL
7241c1e8,1790357926.3052678,Transfer request amount=680,27,72,1,1,0,1,0,026952ac21dc78927b51d7a0d9be5b9e7595a8ef2a44f6c0ab042cd21a3105f7,NORMAL
a30d71ee,1790357934.9892974,Transfer request amount=2381,28,70,1,1,0,1,0,2f2583d058b23b59735b57233766ad8ab46adce2846a0a23987a7d9d878d3623,NORMAL
184effdc,1790357945.6860085,Transfer request amount=1855,28,71,1,1,0,1,0,4d75f5ca81275e3e634930ef603b148bfca6b7eb97f514eb00459c2f391e8ea4,NORMAL
e37c3121,1790357954.6960495,Transfer request amount=4777,28,71,1,1,0,1,0,e378a0401ff907d9edede0a6c04978593adceef313c1ddba21578945009132a8,NORMAL
90451898,1790357964.186801,Transfer request amount=2090,28,71,1,1,0,1,0,51d9313ffb77a84e0b8d347c3c6904efd90d7caad385e8b4ca26e0c391ab8e40,NORMAL
065cbc15,1790357976.3868535,Transfer request amount=3434,28,71,1,1,0,1,0,0d7f4a66e1fd9560e642c9d7061833c3f9a7700baf4cd84bc80c41b69010f210,NORMAL
b864ea96,1790357980.8621824,Transfer request amount=894,27,71,1,1,0,1,0,bc2175fa24ed4f0d9b5250ce4684d8c8bcebcd65a959cfcb5e662ef325ea8bce,NORMAL
aada287d,1790357984.4981134,Transfer request amount=54036,29,71,0,0,1,1,0,8651802f69598d3d39225f5b0ce10da846de3d8b9e9b399ec1e10cfb6f231474,TAMPERING
149773bb,1790357987.1425226,Transfer request amount=4344,28,70,0,0,1,1,0,1973b0167ea1d6a3170350a67bec5fd6715dd3fe73a2b5581ebbeceaa6e6a920,TAMPERING
518207f1,1790357988.3849733,Transfer request amount=23032,29,70,0,0,1,1,0,79f4d6e88e9f5de6fd715355ea8486bd55f90aa1f9f661489141fa5b84321288,TAMPERING
e4f33916,1790357990.3795986,Transfer request amount=31502,29,70,0,0,1,1,0,e0db4657951ecf60da4018a5438f8f1dfff34489444a9cad2846e78cb4c40f0a,TAMPERING
58c378a2,1790357991.940328,Transfer request amount=20839,29,71,0,0,1,1,0,ad979245f8945d93ada513f346e9858cdb14ee8a8bb10c7dbba7d0b810aae9d6,TAMPERING
219ce94a,1790357994.7908401,Transfer request amount=13623,29,71,0,0,1,1,0,a912292179d56d71fd826987c95d4332afb62b86eac7f3558e93d4ac9f155d83,TAMPERING
ef227f6a,1790357999.0229292,Transfer request amount=36864,29,70,0,0,1,1,0,0d4e68240eddb0d3b4d37d76ef154d2b98af76a59a277055b9be1d5ee080c0f2,TAMPERING
72ecaeca,1790358000.2252824,Transfer request amount=22640,29,72,0,0,1,1,0,d2449c9b5aaf7e792c530948af4b7dc55a7029dbc4daec635b9b7552d53cb234,TAMPERING
43a47027,1790358005.1012676,Transfer request amount=20360,29,71,0,0,1,1,0,15eb0ece87aebd5eb70733fdf0ce54434e0c6445f68c61dfb8521d3f356234f0,TAMPERING
0c67ca58,1790358007.7269237,Transfer request amount=44473,29,72,0,0,1,1,0,1d0c88634a630385b9e65a9f632e1eb8ab6058f73a2786c9f3032f788d7ce5a2,TAMPERING
c0cda977,1790358012.1855252,Transfer request amount=5800,28,70,0,0,1,1,0,4f4d149f254aacde5e55678a9ae91b5ca2e9482cd32749ff781d8d0eec038de2,TAMPERING
8641e5ec,1790358014.7014177,Transfer request amount=42874,29,70,0,0,1,1,0,70001bdcddbe1d7afbcff927d7a271645d97b962e93e4dd9e3f6e5ffe24f69c1,TAMPERING
de179380,1790358019.40749,Transfer request amount=53578,29,72,0,0,1,1,0,a35b67ddcce725cd9b561d2c37f2717dbbfc8c504981a392f91244844d258dab,TAMPERING
106f05bb,1790358022.09952,Transfer request amount=93040,29,70,0,0,1,1,0,fea03808fb6c0430082f5551d41b4b5e5e0cd3b88a7a49e58b9f833b0b05cdb1,TAMPERING
dfe10452,1790358023.7187073,Transfer request amount=27830,29,72,0,0,1,1,0,62c2fce7ae7c0c811c65b2cece7f9ce4b687be4515d682a933b963d3b663180c,TAMPERING
403b78c8,1790358028.5935447,Transfer request amount=29064,29,71,0,0,1,1,0,49a45cf59cc10b4784c94438f8037678f0c2fc5e1e6ec675a8a7305e1f87b7b7,TAMPERING
f6ebd8fa,1790358032.585447,Transfer request amount=3408,28,72,0,0,1,1,0,1e641240f7a086114e9fce42bac929f872e13d2cf3a13d2723959ea9ee8fd4ac,TAMPERING
edf3bf42,1790358035.9221575,Transfer request amount=42190,29,70,0,0,1,1,0,b31f711e5d24f6292dc60d0943173ecc6881de73683d0b5f27a33d61d3a3c64b,TAMPERING
cf32c09b,1790358037.1496758,Transfer request amount=29820,29,71,0,0,1,1,0,3dff0a30631a263fa9f96badca700812769a1603d93a8bd27589b6715caee561,TAMPERING
0343b26e,1790358041.555046,Transfer request amount=4627,28,70,0,0,1,1,0,7b31f25271c654112662662ad6a2712a1dc05056607ce58d02b81b9abe8a44e0,TAMPERING
4f1ab5fe,1790358045.2558963,Transfer request amount=34442,29,71,0,0,1,1,0,6bfe47ecc0c59571e236769ec0c95e552d0f0dccd2b6be710fd9af08f0033926,TAMPERING
5b543070,1790358046.7354429,Transfer request amount=57192,29,72,0,0,1,1,0,9d803b882f9c7d11d6b68548bd5264a93aa86c2b555c1e39f27d2a22ee9fc3f2,TAMPERING
09d18b32,1790358050.051119,Transfer request amount=2975,28,71,0,0,1,1,0,58713fe3a1dcf150a1a5bc8e62faa116c9ec8550a0f6cb982f65e970fc74e388,TAMPERING
8c86affe,1790358052.7280188,Transfer request amount=73215,29,71,0,0,1,1,0,353f62166ce7aef835688534e3c8bbf4685f4b4c71a6102a3cbc02c09ed3a434,TAMPERING
74f5b07e,1790358057.4668438,Transfer request amount=26595,29,70,0,0,1,1,0,8af8b5f74a27ea0f5d9d3ebf37d4fef151775c8a9eb456eea9bcdb02a22c3c45,TAMPERING
a99b5098,1790358059.4215877,Transfer request amount=30078,29,71,0,0,1,1,0,f82dba16193461b6fa7166e7a60704233e1ab204c6528aa825d22fc1886224b2,TAMPERING
b4d15151,1790358063.1083486,Transfer request amount=48583,29,71,0,0,1,1,0,1298e0efcb5123e438ec1309f99e1112963c131826ac42b1d073415e4509ee96,TAMPERING
af714917,1790358065.3730574,Transfer request amount=3470,28,72,0,0,1,1,0,b6654071f68f4622b37209b9e46c10e3e1460db15125175a2f6950421d023d21,TAMPERING
d9027569,1790358068.2061994,Transfer request amount=37696,29,71,0,0,1,1,0,2f057d7da48fc984544170a1417ec86133405707e0e948e7885482a87a88e059,TAMPERING
b6542964,1790358069.4992423,Transfer request amount=23998,29,71,0,0,1,1,0,9c6e99f1220b70f403b16e810e8da37a20e8e71604448f7ea9ab9550ff07a875,TAMPERING
5d1a7189,1790358069.6088479,Transfer request amount=1500,28,71,1,1,0,1,1,303135701181494880b007317cb6285ce71cc0e5903a1e60a1f53bd34bb5e181,REPLAY
789f3bb4,1790358069.8159018,Transfer request amount=1500,28,71,1,1,0,1,2,303135701181494880b007317cb6285ce71cc0e5903a1e60a1f53bd34bb5e181,REPLAY
4213c9b9,1790358069.8968577,Transfer request amount=1500,28,71,1,1,0,1,3,303135701181494880b007317cb6285ce71cc0e5903a1e60a1f53bd34bb5e181,REPLAY
8624f21b,1790358070.0567858,Transfer request amount=1500,28,71,1,1,0,1,4,303135701181494880b007317cb6285ce71cc0e5903a1e60a1f53bd34bb5e181,REPLAY
bf1bfa24,1790358070.2350302,Transfer request amount=1500,28,71,1,1,0,1,5,303135701181494880b007317cb6285ce71cc0e5903a1e60a1f53bd34bb5e181,REPLAY
cf511678,1790358070.4822133,Transfer request amount=1500,28,71,1,1,0,1,6,303135701181494880b007317cb6285ce71cc0e5903a1e60a1f53bd34bb5e181,REPLAY
15b6729c,1790358070.7766614,Transfer request amount=1500,28,71,1,1,0,1,7,303135701181494880b007317cb6285ce71cc0e5903a1e60a1f53bd34bb5e181,REPLAY
1fd262f7,1790358070.962794,Transfer request amount=1500,28,71,1,1,0,1,8,303135701181494880b007317cb6285ce71cc0e5903a1e60a1f53bd34bb5e181,REPLAY
866c0e08,1790358071.455528,Transfer request amount=1500,28,71,1,1,0,1,9,303135701181494880b007317cb6285ce71cc0e5903a1e60a1f53bd34bb5e181,REPLAY
d3b03dcf,1790358071.868723,Transfer request amount=1500,28,71,1,1,0,1,10,303135701181494880b007317cb6285ce71cc0e5903a1e60a1f53bd34bb5e181,REPLAY
7c3275d8,1790358072.1567461,Transfer request amount=1500,28,71,1,1,0,1,11,303135701181494880b007317cb6285ce71cc0e5903a1e60a1f53bd34bb5e181,REPLAY
e465fe42,1790358072.5072846,Transfer request amount=1500,28,71,1,1,0,1,12,303135701181494880b007317cb6285ce71cc0e5903a1e60a1f53bd34bb5e181,REPLAY
fc1363ab,1790358072.8068557,Transfer request amount=1500,28,71,1,1,0,1,13,303135701181494880b007317cb6285ce71cc0e5903a1e60a1f53bd34bb5e181,REPLAY
8ec756a4,1790358073.276146,Transfer request amount=1500,28,71,1,1,0,1,14,303135701181494880b007317cb6285ce71cc0e5903a1e60a1f53bd34bb5e181,REPLAY
2f140624,1790358073.3727598,Transfer request amount=1500,28,71,1,1,0,1,15,303135701181494880b007317cb6285ce71cc0e5903a1e60a1f53bd34bb5e181,REPLAY
32a2514c,1790358073.8179169,Transfer request amount=1500,28,71,1,1,0,1,16,303135701181494880b007317cb6285ce71cc0e5903a1e60a1f53bd34bb5e181,REPLAY
ab148359,1790358073.9869266,Transfer request amount=1500,28,71,1,1,0,1,17,303135701181494880b007317cb6285ce71cc0e5903a1e60a1f53bd34bb5e181,REPLAY
cd5c96db,1790358074.4372973,Transfer request amount=1500,28,71,1,1,0,1,18,303135701181494880b007317cb6285ce71cc0e5903a1e60a1f53bd34bb5e181,REPLAY
2052db22,1790358074.821385,Transfer request amount=1500,28,71,1,1,0,1,19,303135701181494880b007317cb6285ce71cc0e5903a1e60a1f53bd34bb5e181,REPLAY
61072154,1790358074.9413364,Transfer request amount=1500,28,71,1,1,0,1,20,303135701181494880b007317cb6285ce71cc0e5903a1e60a1f53bd34bb5e181,REPLAY
aaffc529,1790358075.1181266,Transfer request amount=1500,28,71,1,1,0,1,21,303135701181494880b007317cb6285ce71cc0e5903a1e60a1f53bd34bb5e181,REPLAY
8af88dc6,1790358075.26291,Transfer request amount=1500,28,71,1,1,0,1,22,303135701181494880b007317cb6285ce71cc0e5903a1e60a1f53bd34bb5e181,REPLAY
a12036aa,1790358075.467206,Transfer request amount=1500,28,71,1,1,0,1,23,303135701181494880b007317cb6285ce71cc0e5903a1e60a1f53bd34bb5e181,REPLAY
96ec53a3,1790358075.8265798,Transfer request amount=1500,28,71,1,1,0,1,24,303135701181494880b007317cb6285ce71cc0e5903a1e60a1f53bd34bb5e181,REPLAY
a7b07920,1790358076.2603905,Transfer request amount=1500,28,71,1,1,0,1,25,303135701181494880b007317cb6285ce71cc0e5903a1e60a1f53bd34bb5e181,REPLAY
f8a8d2f7,1790358076.5378246,Transfer request amount=1500,28,71,1,1,0,1,26,303135701181494880b007317cb6285ce71cc0e5903a1e60a1f53bd34bb5e181,REPLAY
63a939f4,1790358076.7008293,Transfer request amount=1500,28,71,1,1,0,1,27,303135701181494880b007317cb6285ce71cc0e5903a1e60a1f53bd34bb5e181,REPLAY
0b3b111a,1790358077.1595008,Transfer request amount=1500,28,71,1,1,0,1,28,303135701181494880b007317cb6285ce71cc0e5903a1e60a1f53bd34bb5e181,REPLAY
ca18c4e0,1790358077.2323604,Transfer request amount=1500,28,71,1,1,0,1,29,303135701181494880b007317cb6285ce71cc0e5903a1e60a1f53bd34bb5e181,REPLAY
861f2ad1,1790358077.5677884,Transfer request amount=1500,28,71,1,1,0,1,30,303135701181494880b007317cb6285ce71cc0e5903a1e60a1f53bd34bb5e181,REPLAY
deaa02f2,1790358077.7353644,Transfer request amount=999999,30,71,0,0,1,1,0,1e346cf8caa8b12019c1ef3ea37d398bb7673d9e7a2e885b728f2e0af402b6af,VERIFICATION_BURST
f02a7165,1790358077.753741,Transfer request amount=999999,30,70,0,0,1,2,0,1e346cf8caa8b12019c1ef3ea37d398bb7673d9e7a2e885b728f2e0af402b6af,VERIFICATION_BURST
fe41cdf1,1790358077.8271167,Transfer request amount=999999,30,70,0,0,1,3,0,1e346cf8caa8b12019c1ef3ea37d398bb7673d9e7a2e885b728f2e0af402b6af,VERIFICATION_BURST
051c0f44,1790358077.8619726,Transfer request amount=999999,30,71,0,0,1,4,0,1e346cf8caa8b12019c1ef3ea37d398bb7673d9e7a2e885b728f2e0af402b6af,VERIFICATION_BURST
07f5806f,1790358078.058134,Transfer request amount=999999,30,70,0,0,1,5,0,1e346cf8caa8b12019c1ef3ea37d398bb7673d9e7a2e885b728f2e0af402b6af,VERIFICATION_BURST
d4cd6627,1790358078.0988348,Transfer request amount=999999,30,71,0,0,1,6,0,1e346cf8caa8b12019c1ef3ea37d398bb7673d9e7a2e885b728f2e0af402b6af,VERIFICATION_BURST
e7135972,1790358078.1927836,Transfer request amount=999999,30,71,0,0,1,7,0,1e346cf8caa8b12019c1ef3ea37d398bb7673d9e7a2e885b728f2e0af402b6af,VERIFICATION_BURST
f7b6e6ae,1790358078.3368604,Transfer request amount=999999,30,70,0,0,1,8,0,1e346cf8caa8b12019c1ef3ea37d398bb7673d9e7a2e885b728f2e0af402b6af,VERIFICATION_BURST
6828df6a,1790358078.4534328,Transfer request amount=999999,30,71,0,0,1,9,0,1e346cf8caa8b12019c1ef3ea37d398bb7673d9e7a2e885b728f2e0af402b6af,VERIFICATION_BURST
482eb706,1790358078.4846888,Transfer request amount=999999,30,71,0,0,1,10,0,1e346cf8caa8b12019c1ef3ea37d398bb7673d9e7a2e885b728f2e0af402b6af,VERIFICATION_BURST
bd254709,1790358078.6742485,Transfer request amount=999999,30,71,0,0,1,11,0,1e346cf8caa8b12019c1ef3ea37d398bb7673d9e7a2e885b728f2e0af402b6af,VERIFICATION_BURST
18999968,1790358078.8155422,Transfer request amount=999999,30,70,0,0,1,12,0,1e346cf8caa8b12019c1ef3ea37d398bb7673d9e7a2e885b728f2e0af402b6af,VERIFICATION_BURST
432f5e23,1790358078.8538625,Transfer request amount=999999,30,71,0,0,1,13,0,1e346cf8caa8b12019c1ef3ea37d398bb7673d9e7a2e885b728f2e0af402b6af,VERIFICATION_BURST
b09257d9,1790358078.870708,Transfer request amount=999999,30,72,0,0,1,14,0,1e346cf8caa8b12019c1ef3ea37d398bb7673d9e7a2e885b728f2e0af402b6af,VERIFICATION_BURST
59ccf941,1790358078.950859,Transfer request amount=999999,30,71,0,0,1,15,0,1e346cf8caa8b12019c1ef3ea37d398bb7673d9e7a2e885b728f2e0af402b6af,VERIFICATION_BURST
2f2da070,1790358079.0658388,Transfer request amount=999999,30,70,0,0,1,16,0,1e346cf8caa8b12019c1ef3ea37d398bb7673d9e7a2e885b728f2e0af402b6af,VERIFICATION_BURST
1ac2f47e,1790358079.1574984,Transfer request amount=999999,30,72,0,0,1,17,0,1e346cf8caa8b12019c1ef3ea37d398bb7673d9e7a2e885b728f2e0af402b6af,VERIFICATION_BURST
f02c39fb,1790358079.1754458,Transfer request amount=999999,30,71,0,0,1,18,0,1e346cf8caa8b12019c1ef3ea37d398bb7673d9e7a2e885b728f2e0af402b6af,VERIFICATION_BURST
a8d2f559,1790358079.2547295,Transfer request amount=999999,30,72,0,0,1,19,0,1e346cf8caa8b12019c1ef3ea37d398bb7673d9e7a2e885b728f2e0af402b6af,VERIFICATION_BURST
daf6f000,1790358079.4420161,Transfer request amount=999999,30,70,0,0,1,20,0,1e346cf8caa8b12019c1ef3ea37d398bb7673d9e7a2e885b728f2e0af402b6af,VERIFICATION_BURST
